{
  "stats": {
    "minecraft:used": {
      "minecraft:spruce_log": 8,
      "minecraft:pale_moss_block": 3,
      "minecraft:grass_block": 212,
      "minecraft:slime_block": 31,
      "minecraft:villager_spawn_egg": 1,
      "minecraft:chest": 1,
      "minecraft:red_sandstone": 12,
      "minecraft:moss_block": 190,
      "minecraft:moss_carpet": 118,
      "minecraft:bedrock": 1481
    },
    "minecraft:custom": {
      "minecraft:time_since_rest": 61736,
      "minecraft:walk_one_cm": 34281,
      "minecraft:leave_game": 2,
      "minecraft:damage_taken": 40,
      "minecraft:play_time": 61736,
      "minecraft:damage_dealt": 10,
      "minecraft:jump": 214,
      "minecraft:time_since_death": 61736,
      "minecraft:sprint_one_cm": 58888,
      "minecraft:open_chest": 1,
      "minecraft:total_world_time": 62034,
      "minecraft:fly_one_cm": 366604,
      "minecraft:crouch_one_cm": 4514,
      "minecraft:sneak_time": 3134
    }
  },
  "DataVersion": 4671
}